transaction_id,user_id,item_id,item_category,item_price,quantity,transaction_date
T28866633,UUNLTDH,I88192,Sports,495.26,4,2023-05-23 05:44:59
T12029499,UBWPAE0,I78318,Groceries,228.79,6,2023-11-05 02:49:01
T61370606,UVL5QPF,I43857,Groceries,470.61,2,2023-09-03 20:10:52
T24104652,UN3F05L,I56724,Toys,393.36,2,2023-11-16 03:07:04
T10272076,UKOI2S7,I26666,Books,243.66,7,2023-12-03 07:57:10
T57665647,U6URQVG,I56927,Clothing,136.26,1,2023-07-11 18:41:27
T89180388,UMBJOUF,I87662,Clothing,103.24,6,2023-03-06 03:29:30
T88762204,UO4XC0B,I00673,Clothing,363.04,9,2023-11-21 21:52:39
T00092069,U7QYF7Z,I47446,Books,56.74,2,2023-03-28 13:57:11
T29847581,UZGA6IL,I37321,Books,27.56,8,2023-10-01 20:07:01
T50241682,UJPRO50,I03286,Home Appliances,126.96,6,2023-03-22 11:33:52
T17903922,UPOOHKE,I75627,Books,453.98,10,2023-06-13 15:17:31
T92949838,UJHDCS9,I74905,Home Appliances,459.13,3,2023-08-31 08:50:45
T44859646,U0MNSM0,I41015,Clothing,53.88,1,2023-10-26 17:30:55
T84778698,UC9UWFV,I23258,Clothing,24.69,3,2023-07-10 13:49:01
T35456617,UKIOONX,I64398,Groceries,12.61,3,2023-08-30 07:52:30
T85170730,UJHP74B,I62371,Sports,379.35,10,2023-04-22 11:21:38
T74318904,UTAJNQR,I01314,Electronics,317.2,6,2023-12-01 12:29:29
T90646188,UF9QDNC,I31595,Clothing,18.87,2,2023-05-16 15:16:08
T22698778,UHP2EY8,I55810,Electronics,182.54,1,2023-11-05 02:08:45
T00240242,UXO90QF,I27001,Home Appliances,425.38,4,2023-07-15 03:59:21
T57049397,U9DJEDN,I65404,Sports,272.62,7,2023-03-28 18:36:19
T20993238,ULRSGAD,I13813,Electronics,277.03,6,2023-02-02 10:16:59
T95280726,U95GC7K,I05679,Books,296.08,7,2023-12-12 21:01:33
T07114061,U4D3JUE,I43477,Clothing,337.64,5,2023-09-10 18:46:14
T35319383,UNGI79Q,I26154,Electronics,342.16,7,2023-08-14 13:24:45
T56733039,U2ZO7SQ,I38051,Sports,16.89,4,2023-12-16 22:12:57
T17716770,UPKIJ51,I64969,Sports,421.66,4,2023-07-22 00:40:58
T01413207,UJ4ZDBC,I33079,Electronics,122.15,8,2023-05-03 23:27:45
T97219580,URSM2YB,I89349,Sports,76.51,5,2023-10-25 04:14:49
T74213866,UGZWIQ2,I54021,Books,347.49,8,2023-05-11 14:27:57
T77263320,UZ3VNQQ,I33565,Electronics,61.29,3,2023-07-25 16:01:51
T79180534,U471BUZ,I78836,Home Appliances,465.88,2,2023-06-18 21:09:56
T49322180,UM7W70L,I00488,Sports,170.08,4,2023-12-20 21:20:27
T25848477,UA9JO4Y,I21377,Home Appliances,308.27,2,2023-10-12 15:33:11
T29600614,UKY9OY2,I31813,Sports,254.45,9,2023-11-24 04:09:41
T48792961,UM858Q7,I61672,Electronics,65.08,1,2023-12-19 11:02:30
T66269027,UN1DR8R,I79854,Home Appliances,470.5,6,2023-10-03 13:55:50
T07658861,UA6YGZD,I72527,Home Appliances,118.89,4,2023-04-30 02:43:16
T56460488,UU9YU2T,I01368,Books,114.62,8,2023-07-18 12:06:58
T03584820,U2NWBQI,I72214,Home Appliances,113.4,1,2023-11-12 07:21:29
T87162856,UH4JL0T,I29960,Groceries,168.67,5,2023-02-25 22:31:34
T01271093,UPGHS6M,I09919,Clothing,149.99,7,2023-11-09 05:35:58
T47585810,UJN0W3U,I79302,Books,140.01,8,2023-03-25 22:48:29
T28642972,UOJ23SQ,I27008,Clothing,52.08,6,2023-06-28 20:14:42
T18127511,US9Z0EQ,I36210,Clothing,327.67,10,2023-11-24 01:25:35
T22056924,UWSFVM2,I78963,Sports,306.3,2,2023-05-13 12:42:04
T23952009,UF60V3F,I94717,Clothing,8.64,1,2023-09-30 10:45:31
T06651913,UH4XBCD,I01685,Sports,451.92,1,2023-01-21 01:08:37
T42382655,UX9T8TQ,I10281,Groceries,203.5,1,2023-05-02 07:57:58
T72934573,UFJ35CH,I49139,Electronics,396.76,2,2023-04-12 16:21:54
T84671972,UHH1IRV,I80468,Clothing,84.15,2,2023-01-01 17:34:32
T55536871,URG0U17,I17584,Groceries,269.47,4,2023-03-03 11:46:00
T00435003,UN4XYIW,I77182,Books,368.38,6,2023-02-16 04:19:46
T75414479,U7R18OP,I98151,Home Appliances,326.93,2,2023-04-09 16:16:05
T29372831,UH8ZWBL,I28650,Electronics,408.34,7,2023-01-11 09:40:07
T95815349,UR46W19,I05161,Groceries,284.48,3,2023-01-28 21:58:38
T16025077,U3656ZH,I30486,Books,322.85,9,2023-04-02 16:44:04
T35396857,UZD76QG,I43036,Toys,248.41,5,2023-07-28 00:47:49
T78143894,UHXQSTT,I03029,Electronics,74.75,7,2023-02-08 02:50:35
T26194922,U6ZNI56,I31796,Books,412.22,1,2023-07-07 21:33:55
T68649009,UQT8UL0,I80187,Sports,387.28,10,2023-12-25 20:20:35
T62836644,UX8YW4C,I70159,Groceries,438.99,1,2023-12-30 12:46:30
T83622128,UAE04QQ,I13628,Toys,249.56,2,2023-07-09 18:28:45
T83633694,U6ZRZYE,I71275,Sports,85.97,1,2023-05-14 13:24:58
T96124661,U1NLVF6,I89739,Groceries,92.83,2,2023-02-09 22:30:13
T79822941,UP4R9R6,I46351,Electronics,36.32,4,2023-04-03 13:56:45
T80399908,UBTR9I8,I86615,Sports,30.67,10,2023-03-24 05:03:00
T86924125,U792P59,I48293,Groceries,400.36,8,2023-02-16 20:12:43
T50649655,U29HOJ3,I16413,Toys,50.22,1,2023-12-25 15:11:10
T13824611,U9SDPSW,I70174,Toys,211.27,6,2023-09-12 18:37:27
T67670153,U6CTBEP,I74806,Toys,197.62,4,2023-04-06 00:07:24
T88112019,UNMEGG9,I52100,Electronics,361.62,5,2023-02-16 02:24:41
T29203265,UREEJXI,I35807,Books,366.93,1,2023-10-13 10:31:42
T24384608,U3IQF88,I02629,Electronics,71.44,4,2023-04-16 23:14:21
T28196070,U3OZKPS,I12167,Toys,312.87,7,2023-10-16 06:53:38
T74012812,URKK0FO,I57676,Groceries,333.69,3,2023-11-06 04:46:24
T02681827,UVW62O3,I28790,Electronics,482.73,7,2023-05-13 10:36:22
T02190683,U7Y89HW,I20260,Sports,172.78,9,2023-08-12 01:55:39
T99490359,UVLJZS0,I17237,Electronics,446.3,5,2023-06-06 20:10:16
T65469805,UNTQZC0,I18093,Home Appliances,420.99,4,2023-07-02 07:45:35
T35377142,UUTWNR3,I75575,Groceries,369.55,2,2023-03-01 16:59:10
T25690508,ULPG8VV,I81553,Electronics,422.66,5,2023-02-13 00:55:31
T07186237,UX076TL,I48906,Sports,147.84,1,2023-08-26 12:19:38
T29048961,U8LZJNR,I55726,Home Appliances,40.38,1,2023-03-06 15:43:24
T61045998,UT9XUDB,I64490,Clothing,451.74,4,2023-01-27 00:46:37
T79298572,UAY9L3U,I48101,Books,242.86,7,2023-12-22 03:26:48
T65564099,U1JP0OZ,I20488,Electronics,124.55,2,2023-06-14 18:32:23
T30700286,UEDS14T,I18190,Electronics,426.21,2,2023-02-03 06:55:19
T63491499,U622XZF,I75187,Home Appliances,255.44,5,2023-10-27 14:40:16
T61726623,UCGC9K0,I43355,Electronics,102.32,3,2023-01-24 10:08:13
T82507860,U0TUT2H,I88328,Home Appliances,339.56,5,2023-11-09 05:13:51
T43010829,UDDQ0YZ,I74195,Electronics,36.95,5,2023-01-13 06:50:54
T46414234,UV8PMWR,I84501,Electronics,68.81,7,2023-09-22 14:16:01
T65721711,UUV2RXO,I89106,Toys,359.18,2,2023-02-24 22:07:28
T81758585,UL3QGV2,I56882,Sports,463.43,2,2023-05-13 10:02:39
T87945222,UN8SWVZ,I89748,Groceries,349.58,1,2023-11-07 03:39:11
T83619479,URZNX65,I33340,Groceries,486.9,9,2023-04-22 22:20:34
T43333686,U2N0ITV,I71417,Sports,245.52,9,2023-11-26 06:51:39
T32450218,UXUJMD3,I04055,Groceries,119.47,7,2023-08-17 05:29:27
T43959619,U2XAJ9T,I45618,Sports,315.58,1,2023-07-02 16:40:15
T73824334,UN2MBXF,I60824,Electronics,99.97,8,2023-01-30 00:16:53
T88446002,UBX51OE,I73136,Electronics,56.27,1,2023-11-29 06:58:42
T55140948,UR3THWO,I98705,Books,361.76,1,2023-05-19 23:26:49
T51767165,UIZ09FX,I26241,Clothing,76.36,3,2023-10-07 12:22:35
T68910980,UZHTBR1,I48479,Toys,216.41,9,2023-11-04 18:54:07
T32448273,UU14OI7,I88715,Clothing,190.54,7,2023-05-19 13:49:33
T90198505,UE11H4H,I37294,Sports,231.55,3,2023-12-09 03:55:59
T57482568,UA1LGPU,I06244,Home Appliances,471.66,5,2023-11-26 16:11:29
T89204650,UXXEV15,I45701,Groceries,497.48,3,2023-12-28 01:41:59
T64224242,U5GYPGS,I99801,Home Appliances,499.78,4,2023-08-15 10:25:05
T59072294,UVKSBUN,I10051,Groceries,82.46,4,2023-11-17 02:55:50
T14510383,U4S00R7,I21419,Groceries,352.92,5,2023-03-07 09:33:19
T04080771,UNEYMU7,I66955,Toys,76.15,3,2023-10-14 02:05:56
T76261178,UWZ4PN8,I91536,Clothing,472.69,3,2023-10-21 12:13:41
T22124687,UXOR0I4,I82460,Home Appliances,54.31,10,2023-09-06 14:45:08
T99851976,UHTRFHW,I20809,Books,52.05,1,2023-05-25 18:23:38
T14618325,U346H4E,I37051,Sports,437.48,4,2023-08-15 03:46:19
T74681491,UYQ6GH6,I78556,Electronics,270.19,2,2023-01-22 04:04:38
T15631903,UE6TKZW,I81623,Toys,233.59,4,2023-11-23 00:58:17
T20232895,U6769UQ,I31476,Groceries,246.76,9,2023-05-04 13:38:25
T42149544,UR8ZGFV,I05160,Books,416.06,10,2023-12-18 17:06:53
T17899659,UH5WNDA,I65982,Books,397.52,8,2023-01-02 05:25:46
T14403574,U5D0P60,I34223,Sports,283.78,9,2023-07-29 15:33:48
T91515807,UYD1NBH,I76897,Toys,23.61,8,2023-10-28 23:31:19
T56551227,UEQW10P,I09895,Sports,258.0,8,2023-11-08 03:44:26
T09052561,UAXJUV9,I04281,Electronics,12.22,2,2023-09-22 05:11:32
T64547149,ULE6BKL,I72420,Home Appliances,207.86,9,2023-04-07 11:49:13
T16038742,UIVOMSO,I57678,Sports,219.1,8,2023-09-17 05:22:44
T61762995,UUZNFD8,I84594,Toys,244.84,10,2023-09-05 14:44:59
T18336380,UB6I60P,I71345,Toys,132.11,8,2023-06-08 00:22:39
T14235560,UU8BG8V,I42738,Books,376.08,2,2023-08-27 23:42:20
T95997346,UK4OW32,I85941,Sports,21.32,1,2023-09-18 22:36:49
T38416804,UBV8Z3V,I06883,Home Appliances,408.47,10,2023-07-02 01:08:17
T69095551,UE60E6D,I38082,Electronics,19.1,1,2023-06-01 10:46:49
T73648556,UMOICJ5,I69384,Home Appliances,250.93,1,2023-07-05 16:55:08
T11876209,U6R6IP3,I01025,Clothing,348.59,4,2023-11-21 21:26:42
T68171086,UR08QBI,I92538,Toys,83.24,10,2023-03-10 20:09:57
T57030236,U46RZM3,I31361,Sports,355.13,5,2023-09-07 08:59:50
T73719010,UYSWU9C,I54755,Sports,331.58,6,2023-11-17 23:02:27
T39039345,UUR3VKO,I83155,Books,87.06,9,2023-08-24 08:52:42
T48524768,UOXTEVD,I70035,Electronics,397.23,7,2023-05-06 17:10:59
T63395830,U59L6OH,I46522,Electronics,273.12,1,2023-10-10 15:36:00
T77717637,UGGCRGN,I75330,Home Appliances,419.41,2,2023-02-08 10:48:08
T36400594,UVXR13I,I28028,Electronics,178.06,4,2023-01-13 19:25:15
T74167102,U21V9D0,I06766,Books,343.15,7,2023-06-07 15:50:34
T72524278,UWX4N4M,I11772,Sports,192.07,4,2023-07-28 11:01:11
T73579802,UMB61R4,I11998,Home Appliances,89.1,7,2023-06-07 20:45:12
T68811344,U2J4HSH,I77888,Toys,276.27,1,2023-04-21 08:54:08
T63535509,UZA1W4O,I03819,Books,15.0,2,2023-03-06 12:20:40
T00145043,UQ3NO5P,I19101,Sports,222.53,1,2023-11-29 18:13:36
T88117025,U8HIM70,I56413,Clothing,408.91,8,2023-10-18 19:12:14
T60023085,UHXBK9Q,I22210,Books,424.03,7,2023-01-18 06:33:49
T64146928,U6HWK0K,I42825,Home Appliances,151.67,8,2023-08-22 03:48:49
T01977643,U9615I5,I92106,Sports,211.38,3,2023-08-12 21:38:12
T10341677,UO1ISO3,I34713,Groceries,114.16,1,2023-09-28 09:52:18
T36005820,UV6QHHI,I59810,Clothing,104.65,9,2023-09-29 18:25:10
T66388113,UD4RSQV,I47565,Electronics,159.96,8,2023-07-09 20:05:58
T87293249,UVAZ450,I59884,Books,395.01,9,2023-01-22 07:08:39
T06329561,UL0IGMO,I63798,Groceries,248.53,10,2023-04-14 12:52:48
T68111982,UNHPIIQ,I56051,Toys,298.52,3,2023-09-18 22:45:48
T59566850,UGY3UPQ,I91881,Clothing,240.75,9,2023-11-16 13:39:59
T27013916,U5E61HH,I11091,Clothing,205.16,8,2023-03-07 21:32:45
T65161375,UO2IR08,I05610,Groceries,30.22,10,2023-12-11 03:38:52
T63184561,U34QAGL,I85005,Home Appliances,493.51,3,2023-03-27 01:21:19
T19845459,U0G9U5U,I43195,Electronics,31.06,1,2023-10-03 12:55:11
T99100621,U8B6HED,I42660,Electronics,5.52,7,2023-01-11 13:09:26
T46143219,U7VZLJE,I59157,Electronics,398.37,8,2023-02-20 18:37:50
T19484377,U4Q0YAZ,I41827,Electronics,426.97,9,2023-05-23 03:04:10
T23813760,UW3BZKA,I89382,Sports,16.95,8,2023-08-03 01:43:09
T76072513,UB7VHXF,I44782,Books,75.39,3,2023-02-15 23:06:51
T52145052,UGUKHXL,I93391,Electronics,356.93,6,2023-11-01 18:00:08
T83181725,U9Y6BD0,I54429,Toys,88.98,6,2023-12-10 03:57:42
T17085180,ULTXY50,I38533,Groceries,58.6,6,2023-03-22 00:10:07
T11332378,UHE5FOO,I21092,Sports,167.16,1,2023-11-21 13:15:36
T87429635,UFOSF16,I90947,Sports,393.26,1,2023-01-23 03:55:13
T93358941,UGUOD9C,I88915,Sports,318.62,6,2023-09-25 16:54:54
T98071661,U8WBVB4,I83495,Clothing,192.74,3,2023-07-17 16:11:25
T08442259,U85SYZ9,I78971,Books,478.2,8,2023-12-12 23:48:25
T60176854,U5BGHU7,I93596,Home Appliances,37.67,6,2023-10-05 10:20:18
T39429085,UW58K7R,I65825,Clothing,191.39,6,2023-12-17 08:13:52
T94807707,UBT5B1F,I05304,Toys,350.36,7,2023-10-12 00:40:41
T77061813,UY8C6IT,I45608,Toys,475.33,6,2023-11-27 20:13:14
T22512009,U0BO9PC,I86748,Groceries,396.05,5,2023-05-13 07:47:50
T78944662,UYG4J7C,I86660,Toys,264.24,8,2023-01-19 10:25:29
T24149654,U58WX2F,I81351,Books,178.31,6,2023-08-18 17:37:02
T06725481,UCY2A2C,I29922,Toys,258.01,8,2023-04-10 16:26:20
T38450411,UZPN1B9,I06406,Groceries,165.94,7,2023-03-04 07:52:16
T36419067,UEDXMF4,I98565,Home Appliances,390.21,6,2023-02-10 07:42:22
T30971499,UI5DANJ,I88710,Home Appliances,401.34,2,2023-11-21 21:13:33
T36643473,U3JFS9C,I43209,Home Appliances,343.48,3,2023-06-19 00:22:52
T27609433,UMK8QQL,I84998,Home Appliances,374.81,6,2023-06-09 00:40:30
T10366385,UGJ07T1,I25994,Books,190.04,7,2023-05-02 22:00:49
T83676330,USWLV3K,I83387,Home Appliances,151.85,7,2023-05-07 09:58:11
T79739740,U3LSZ9T,I49826,Groceries,76.08,7,2023-10-07 02:17:09
T72541155,UEJZKBQ,I17809,Clothing,93.39,10,2023-10-02 22:45:00
T03109559,UQ8WRPL,I86287,Clothing,422.73,6,2023-03-07 14:43:35
T60126241,ULNXAWL,I67458,Groceries,191.18,7,2023-10-30 07:21:42
T92648920,UIZ8G87,I79935,Clothing,121.58,6,2023-08-22 10:48:30
T70130473,U0IBVY3,I99413,Books,201.15,5,2023-06-24 07:15:34
T81095294,UWZVL44,I46526,Groceries,379.86,9,2023-09-06 07:09:28
T38798554,URTQ8S2,I19039,Electronics,118.8,3,2023-01-13 06:19:45
T72420702,UA6I0M7,I91664,Clothing,390.66,5,2023-12-21 16:45:36
T97872587,U7UG5YC,I84129,Toys,305.67,6,2023-10-06 09:28:07
T62658087,UQD4B4E,I91671,Books,442.13,1,2023-06-29 06:26:58
T07219590,UW394RF,I11291,Toys,391.6,8,2023-10-08 07:03:04
T36912324,UVDQRRV,I14449,Sports,309.36,8,2023-10-23 13:11:02
T53738703,ULAHJDV,I30080,Sports,92.87,6,2023-04-14 00:56:31
T20252816,UK4FS82,I23965,Electronics,132.56,4,2023-05-13 00:31:27
T27746754,UKZ849H,I44438,Clothing,380.87,4,2023-03-07 09:37:14
T33152605,UR0IOGL,I64616,Clothing,276.51,4,2023-07-24 08:19:06
T33536328,U8WROGH,I51535,Sports,422.36,1,2023-08-10 06:48:42
T45473755,U9DH919,I17939,Toys,133.26,5,2023-12-25 05:57:48
T33221347,UFJP5DX,I46209,Home Appliances,404.05,3,2023-04-06 04:21:41
T67556550,U8ZIABJ,I71955,Groceries,417.63,8,2023-08-05 02:56:35
T47953947,U1CN983,I62294,Toys,53.18,5,2023-12-14 14:36:33
T21859258,UL40I9I,I30884,Electronics,10.16,9,2023-09-05 01:22:49
T15954830,U1W6SUO,I80211,Home Appliances,478.47,10,2023-06-26 11:11:53
T77488869,UVFDAET,I89279,Home Appliances,360.91,7,2023-07-13 19:07:02
T74472168,U9AKQUB,I62942,Sports,274.27,9,2023-01-23 07:42:09
T15932543,U24VTGO,I88566,Books,204.55,1,2023-04-07 22:44:17
T60562321,UU7AK68,I97164,Books,199.77,8,2023-10-16 07:07:57
T87405037,UDIDHSO,I74214,Clothing,340.48,2,2023-04-08 20:32:01
T29317300,UWYXROT,I18293,Sports,395.43,2,2023-12-13 09:23:02
T25178974,URD20WI,I67876,Books,308.09,5,2023-06-20 16:09:44
T01936210,UEJ7PRM,I94688,Home Appliances,478.29,9,2023-12-25 22:22:25
T92014121,UPEEO6E,I69880,Sports,43.84,1,2023-04-16 22:45:32
T00689003,U9SYXC7,I23261,Toys,353.39,3,2023-10-04 09:12:07
T77414270,UBUXXOT,I91567,Toys,447.43,3,2023-03-31 19:08:11
T65061138,UHMH34P,I97417,Books,415.94,4,2023-05-12 16:39:37
T94441957,UFRB2A8,I03049,Electronics,484.7,10,2023-05-09 21:03:45
T42017004,U3QJEB0,I03276,Groceries,360.35,3,2023-02-06 20:26:18
T45038089,UFY9AIB,I14887,Home Appliances,498.83,3,2023-12-23 17:23:35
T76076202,UER1NPJ,I01028,Clothing,292.64,4,2023-05-02 13:30:25
T02675641,UZSVX1T,I82832,Home Appliances,305.61,2,2023-10-01 19:14:10
T07247640,UZM37VC,I46327,Groceries,229.87,6,2023-12-23 02:34:02
T38254971,UAERHN4,I07963,Sports,94.79,1,2023-03-31 07:23:33
T85700924,UUC0GYV,I32871,Toys,306.95,2,2023-04-19 17:35:10
T00830248,UUS0HI6,I57303,Toys,341.34,8,2023-07-24 12:05:46
T38850427,UQ82VOT,I40430,Clothing,424.15,3,2023-05-17 00:09:56
T98905406,UEBWKVS,I53803,Books,91.01,6,2023-01-27 06:47:28
T17241074,UXER8J5,I58487,Home Appliances,86.16,8,2023-03-09 14:17:51
T89375937,UFDLRXU,I93168,Sports,124.85,2,2023-01-20 23:43:26
T71492953,U2L79IZ,I94279,Books,448.71,3,2023-06-16 22:36:57
T04604807,UDOXZ9R,I26640,Sports,297.6,10,2023-03-24 13:45:34
T30991342,UNX6D8P,I98449,Groceries,122.25,5,2023-12-23 23:23:33
T37851575,UZO0CTW,I15689,Books,372.64,2,2023-06-08 22:49:24
T50986299,UCLWSG4,I50266,Groceries,233.73,5,2023-08-01 07:57:58
T02762215,UKCX385,I81906,Toys,119.44,6,2023-08-19 07:16:28
T70180089,UWZ2BOX,I63875,Electronics,478.85,2,2023-04-03 23:33:47
T37392212,UVW9KM8,I87167,Electronics,89.91,10,2023-09-20 13:28:35
T75907225,UP7WCUZ,I65166,Toys,133.03,6,2023-03-10 06:49:27
T96563119,U5U24Z2,I20383,Electronics,204.95,9,2023-05-12 16:58:47
T32967789,U1KZRPP,I87387,Groceries,279.84,2,2023-07-28 18:36:15
T59073620,UQMQIFG,I46769,Clothing,313.0,8,2023-06-22 17:13:02
T85396586,U8UPBA0,I08801,Home Appliances,286.62,2,2023-02-02 23:14:37
T74862599,U03W0VL,I92524,Sports,394.99,9,2023-03-18 12:46:44
T78764204,UL43M9U,I76997,Toys,399.32,1,2023-10-27 16:45:27
T82475980,UN8DKRU,I43295,Books,323.69,6,2023-10-28 22:54:22
T08912853,UET0CBB,I25118,Sports,333.43,8,2023-09-27 07:23:59
T78787859,U95MODV,I05585,Home Appliances,143.37,4,2023-02-06 19:43:22
T96343198,UZYJC87,I74212,Toys,87.54,2,2023-03-09 02:01:29
T86325596,UIFK28I,I84376,Sports,150.11,6,2023-04-30 02:38:21
T83944301,U8Y95AL,I93009,Books,256.47,7,2023-03-07 05:16:44
T55857928,UBVUUTG,I39425,Groceries,88.4,8,2023-05-22 16:28:37
T31051230,UCQ98DM,I74550,Clothing,49.82,2,2023-04-29 13:40:37
T92221005,UKF52Q9,I42754,Sports,248.0,3,2023-03-25 07:11:46
T08449671,UKO2212,I91583,Groceries,38.46,4,2023-09-05 02:02:22
T88323143,UPZFI6Q,I58113,Clothing,195.97,1,2023-10-04 13:17:40
T58342901,UAHYXAS,I11111,Groceries,162.63,9,2023-01-10 12:22:14
T81693118,UCT39EJ,I92929,Groceries,438.75,7,2023-01-02 21:44:54
T70624695,UNE87ZD,I61601,Clothing,368.43,8,2023-10-08 18:12:10
T03575879,UL86L3B,I35889,Groceries,432.87,8,2023-07-28 10:21:57
T42529141,U2X64CV,I92911,Sports,254.34,5,2023-02-17 01:45:40
T41775769,U7O7CGN,I26363,Sports,242.19,7,2023-02-16 05:56:54
T53950868,URZ71FC,I54297,Books,160.87,2,2023-06-24 06:14:42
T68766667,UWJMJ4N,I66631,Groceries,261.38,9,2023-06-15 09:44:51
T42025838,UVHY8PR,I31704,Toys,432.94,8,2023-08-31 03:21:28
T13580553,UFQ82XE,I62678,Toys,368.54,3,2023-01-03 05:56:15
T57915456,UJ1210A,I41737,Sports,310.07,7,2023-11-28 10:00:14
T27146246,UAZ82WD,I26604,Home Appliances,356.45,8,2023-03-11 08:55:50
T25945886,UGWCKD0,I87689,Toys,30.2,10,2023-01-23 10:44:29
T42458608,U8HK1DW,I44168,Home Appliances,209.44,4,2023-06-22 13:39:32
T69319409,U2OR1NT,I11229,Home Appliances,383.39,6,2023-07-14 20:51:00
T61101652,UL15U24,I18421,Clothing,232.32,1,2023-07-09 20:12:22
T76684843,U685WPO,I30673,Home Appliances,192.24,7,2023-07-10 20:25:02
T29577630,UNXFK68,I44937,Clothing,24.78,10,2023-04-13 19:47:29
T75512456,UIXMM7A,I67763,Home Appliances,261.23,10,2023-08-13 21:41:05
T39496854,UZ3AV1B,I46334,Groceries,424.36,6,2023-04-05 11:04:32
T48632081,URRF365,I28820,Books,376.43,5,2023-06-11 17:19:54
T64426253,UCV7VS1,I90782,Toys,190.34,3,2023-05-01 23:46:39
T45167559,URU2HSG,I23479,Groceries,285.7,1,2023-10-07 23:46:38
T93819577,UHPVVD4,I23471,Sports,495.51,2,2023-01-22 10:48:15
T53954714,U0CJK9R,I14794,Toys,59.69,5,2023-10-20 05:15:27
T16684535,UCVSVPJ,I30850,Toys,164.43,1,2023-05-12 04:25:38
T04228043,U916U9N,I13985,Sports,239.65,5,2023-04-18 03:36:26
T53606817,U7LX1BD,I15156,Sports,406.23,2,2023-08-19 00:13:57
T48827495,ULFJT4E,I61607,Home Appliances,492.08,7,2023-04-26 00:14:29
T96941800,URFOKDE,I89607,Sports,64.42,8,2023-06-14 18:15:30
T72188471,UIT34XZ,I78701,Groceries,338.13,3,2023-08-02 23:10:56
T17452179,UZA4JZT,I04508,Home Appliances,259.26,3,2023-04-26 23:57:03
T35462276,UE358PX,I87974,Groceries,366.49,5,2023-11-10 00:41:03
T71619073,UGRF36M,I24031,Home Appliances,201.41,10,2023-06-10 18:21:24
T73750175,UQQQAGZ,I30926,Sports,117.73,2,2023-11-07 13:15:34
T56917787,UMREUWQ,I81358,Sports,393.16,1,2023-05-25 08:03:39
T39642601,UBOJ1VX,I13377,Groceries,197.59,7,2023-12-14 16:36:09
T17755407,U34Y7YE,I28923,Toys,230.9,1,2023-10-19 08:45:55
T38339709,U1MYK3D,I28567,Sports,217.99,10,2023-03-24 12:53:22
T94661825,UO83HUJ,I93363,Sports,110.72,6,2023-10-24 14:04:50
T07782413,UMJ0MFX,I92590,Groceries,367.92,4,2023-07-13 07:40:10
T27006859,UJU8RDZ,I31902,Clothing,30.39,10,2023-10-19 11:27:20
T31997478,U2IB9SI,I51533,Books,431.97,7,2023-02-11 20:15:46
T53447725,U7BHLET,I91981,Toys,141.57,7,2023-04-21 08:42:22
T24102281,U3MZ1F8,I68570,Sports,410.63,1,2023-01-14 21:57:25
T38238251,UALZ07U,I39271,Sports,103.21,2,2023-02-16 16:20:37
T43107419,U81UYBX,I72340,Books,208.55,1,2023-10-31 16:20:35
T73198848,U2EY17M,I17070,Home Appliances,18.1,3,2023-08-07 15:17:41
T40191770,U1K86LZ,I85957,Toys,340.73,8,2023-02-23 05:12:44
T81843375,UV63F47,I54686,Sports,103.31,4,2023-09-08 12:03:01
T38963536,UCCUED5,I24727,Books,287.45,2,2023-07-12 06:32:52
T00885464,UQFI6VA,I03159,Books,354.07,1,2023-04-15 13:22:09
T67348500,UH81P4D,I60545,Electronics,146.84,6,2023-07-07 03:48:29
T79822272,UTWBEZG,I73656,Books,266.41,10,2023-01-21 05:30:38
T12361660,U1XXERO,I08921,Books,132.07,7,2023-07-03 17:38:35
T10189127,UHTTKEG,I16306,Home Appliances,111.65,4,2023-06-04 11:11:28
T94102546,U148937,I44668,Home Appliances,65.01,5,2023-06-09 05:43:26
T79901422,UK3VJY9,I28273,Home Appliances,148.58,8,2023-05-04 14:53:54
T08062193,UWNUNQC,I87524,Sports,242.29,5,2023-01-02 17:56:50
T86406288,U0WNHMB,I62639,Sports,351.7,7,2023-01-29 03:53:46
T93857245,UTAMRPQ,I29851,Groceries,87.82,4,2023-11-21 08:38:55
T17154123,UALSRHB,I37467,Groceries,121.48,8,2023-10-25 03:43:18
T54108092,UHO3C0T,I44071,Sports,286.58,10,2023-01-05 07:23:38
T77027067,U3UJ7GB,I71403,Home Appliances,59.26,4,2023-07-16 17:51:14
T54264413,UTBBHWV,I42713,Toys,247.67,3,2023-10-07 15:33:01
T82459132,UI642ZT,I01192,Electronics,244.74,8,2023-12-03 14:26:52
T26455526,UKEBPDI,I93471,Electronics,90.82,1,2023-05-24 00:49:33
T62813109,UGCKRMN,I38538,Electronics,381.4,9,2023-09-19 03:15:56
T24003282,U1WSLZC,I45423,Toys,458.93,2,2023-06-05 10:31:18
T10400167,UBT1HVE,I04237,Home Appliances,342.43,6,2023-04-08 21:57:53
T73490642,U2LXYV0,I62919,Groceries,358.42,4,2023-12-14 17:25:57
T72008188,U9B1ILX,I51630,Toys,432.78,3,2023-08-14 11:51:51
T76888308,U5T5JUL,I70861,Books,43.93,7,2023-07-06 17:58:35
T35196027,UHR6Q48,I65082,Books,54.77,6,2023-08-28 19:51:57
T69403994,UWNTZ41,I88099,Groceries,302.26,7,2023-04-06 09:29:29
T90680162,UZGGRTX,I62325,Home Appliances,444.24,1,2023-05-02 13:05:48
T31629129,U6GIHRK,I49171,Home Appliances,81.04,7,2023-12-27 08:02:13
T13318038,ULW7RNV,I03200,Groceries,110.47,8,2023-05-14 10:05:10
T42706769,U7QE4SA,I88827,Toys,327.32,10,2023-11-01 05:11:02
T86880056,UIV57V1,I41319,Sports,336.75,10,2023-10-14 09:07:24
T60761012,UDR1O7X,I61761,Groceries,299.15,4,2023-03-08 04:51:25
T69718615,UPZG82Z,I42466,Toys,387.79,6,2023-12-18 06:18:31
T66427080,UQMASWH,I32605,Clothing,209.54,8,2023-05-06 07:43:43
T15061352,U12MTLK,I88653,Home Appliances,236.03,2,2023-07-24 14:19:23
T15692624,UBV1OOT,I35474,Clothing,139.37,6,2023-03-04 12:37:53
T41422333,UEBG5U6,I15863,Toys,95.48,2,2023-04-08 01:46:38
T57361853,UD2DR0Y,I15513,Clothing,228.42,1,2023-09-18 01:13:06
T48268166,U2BND2X,I36045,Home Appliances,386.72,3,2023-05-29 17:34:21
T81441392,UYIQKQP,I81367,Home Appliances,369.22,7,2023-03-22 11:34:10
T68082751,UMD3NI7,I92460,Electronics,374.5,6,2023-05-06 07:15:00
T26074638,UKZBUYE,I95841,Groceries,19.48,8,2023-09-19 10:31:49
T52004115,UEKDAAS,I70220,Books,241.51,8,2023-02-03 23:01:21
T14605595,UAA95X9,I40920,Electronics,191.16,10,2023-10-07 23:25:16
T08628869,UPXN3M9,I68642,Home Appliances,415.13,1,2023-03-25 18:04:22
T69150575,UKOMPKL,I26329,Electronics,313.07,10,2023-12-09 22:19:36
T13935873,UWZY0MU,I35016,Books,210.2,4,2023-07-09 13:22:49
T18641154,U0YX3AO,I11254,Toys,184.2,1,2023-08-07 15:08:08
T90496285,USTIH7X,I12462,Clothing,84.35,3,2023-08-25 19:56:32
T24907542,UGVJ5SC,I36109,Books,307.06,10,2023-01-05 03:10:59
T20971024,U6JKT38,I94744,Electronics,119.25,9,2023-04-23 07:55:11
T98399424,UN29VVL,I34808,Clothing,120.71,6,2023-07-25 07:02:41
T65335353,UK9VW0P,I57991,Books,161.84,6,2023-09-16 00:38:40
T32283614,UI0BTRQ,I93521,Home Appliances,38.21,6,2023-01-12 16:05:04
T86153625,UQE0OFH,I20083,Toys,265.34,3,2023-10-06 17:27:00
T74997353,UIT825P,I66012,Books,408.88,3,2023-12-18 06:40:07
T81884252,UWRVUAX,I74618,Clothing,374.88,8,2023-11-25 06:55:56
T04304589,UXFDEOE,I74066,Clothing,121.05,9,2023-03-11 17:59:16
T54618818,U4V75VO,I62830,Clothing,458.01,10,2023-11-09 05:08:43
T24074325,UIPU3SJ,I45854,Toys,290.51,8,2023-07-21 20:33:41
T53333612,UUFM72K,I23146,Books,7.43,10,2023-11-07 05:18:14
T12371941,U44N18J,I81086,Clothing,67.86,6,2023-01-23 06:23:27
T28185663,UTBPXVM,I82130,Home Appliances,251.86,5,2023-12-10 05:09:00
T31823282,UQUMPOB,I15654,Sports,43.9,4,2023-02-04 10:32:43
T05728636,U81AHO1,I08116,Sports,155.83,6,2023-12-23 16:32:26
T33179570,U7FCGL9,I96565,Books,52.97,4,2023-07-12 18:35:06
T00352593,U96V49Y,I11460,Groceries,410.88,2,2023-04-13 20:39:39
T19707707,UGNAE2O,I41204,Home Appliances,424.74,8,2023-11-02 02:53:10
T32077016,UYC8LEL,I36796,Books,433.9,5,2023-02-10 11:27:09
T82777081,U37YHYW,I13460,Books,413.83,7,2023-02-02 00:28:06
T75582870,U1A2IZ6,I83384,Sports,237.78,1,2023-03-28 20:13:46
T43573458,UJ9HLSV,I50415,Electronics,448.99,6,2023-08-23 16:02:25
T27152677,U5M8QVC,I72893,Books,72.71,4,2023-03-07 15:48:50
T58259626,U176H4U,I69637,Toys,134.3,8,2023-05-12 02:38:35
T14179032,U7CQLCE,I92973,Clothing,473.36,10,2023-12-22 23:24:25
T63925376,UFV4VIP,I47935,Electronics,139.65,5,2023-12-27 10:18:14
T64380319,UY7B01R,I67296,Home Appliances,293.9,10,2023-09-22 12:51:40
T33051657,UWYAEYK,I84766,Home Appliances,115.65,1,2023-05-30 04:39:54
T46172138,UYAN7FD,I02169,Groceries,308.5,5,2023-04-30 03:47:57
T45584739,USYTB2B,I12324,Electronics,226.56,1,2023-03-10 15:59:21
T31075794,UTCD8L1,I95835,Toys,255.68,2,2023-10-21 19:44:51
T62623026,UU0122S,I20447,Sports,334.82,6,2023-06-06 16:40:28
T21250135,UB9EPQK,I47412,Sports,217.01,6,2023-09-27 09:46:37
T95805885,UIYDJKU,I75200,Clothing,316.63,8,2023-04-24 13:56:56
T57074992,U77YDKX,I09980,Groceries,474.47,6,2023-12-12 03:27:30
T69076989,UJO5QTM,I51204,Toys,413.12,2,2023-11-15 03:38:58
T25743001,UJKR5ZM,I30075,Clothing,66.82,8,2023-11-05 19:30:39
T43249508,UDY7JF5,I37637,Groceries,183.31,8,2023-06-28 16:04:18
T51017051,UW492LI,I98121,Toys,264.54,2,2023-02-12 09:07:38
T49566506,U5TXQMZ,I91227,Toys,275.73,7,2023-11-27 14:49:32
T02221953,UQHDJIU,I25774,Clothing,387.68,1,2023-07-21 08:28:15
T23383588,UGPZGJL,I29420,Groceries,56.28,10,2023-04-02 15:46:42
T26033909,U0MH3YS,I31361,Clothing,287.35,10,2023-11-21 13:08:11
T79550696,UE7UACH,I00600,Groceries,491.32,3,2023-10-08 13:30:37
T97465060,UQ3M126,I85427,Electronics,497.5,6,2023-05-19 04:46:19
T82561950,UEGQLGB,I80879,Toys,489.29,2,2023-06-27 21:34:08
T73816417,UBD28VF,I65008,Groceries,482.86,8,2023-01-16 22:07:50
T79559659,U1RMHXJ,I50798,Groceries,316.81,1,2023-04-08 15:48:59
T21873377,UQ3A5PZ,I02653,Sports,427.66,5,2023-10-24 14:35:25
T28100956,UN214WB,I21651,Electronics,483.11,8,2023-09-05 11:02:48
T89210594,UFYUICB,I54590,Electronics,77.94,5,2023-03-01 09:15:15
T80499077,UWN735J,I23867,Sports,127.9,7,2023-07-06 06:00:25
T62722091,UDKSB44,I46303,Groceries,99.89,1,2023-07-31 17:04:32
T55119522,ULGJO5R,I81995,Groceries,439.97,4,2023-10-11 06:10:50
T93767406,UMWIXL1,I70995,Sports,243.95,8,2023-03-01 07:16:25
T62559294,UTVEL7F,I31921,Home Appliances,491.97,9,2023-05-02 03:40:46
T32506734,U0K8ZL6,I86063,Toys,163.28,5,2023-12-09 05:59:55
T50439383,UC2KOWU,I67558,Toys,335.32,10,2023-05-07 05:05:40
T05820384,UKE0JV1,I96128,Toys,62.95,9,2023-07-16 18:52:14
T46329831,UJDTLBK,I48621,Toys,453.95,5,2023-06-05 22:20:35
T30489660,UX89U24,I62706,Sports,480.21,8,2023-07-17 02:52:10
T77586647,UX7JC36,I34189,Home Appliances,310.09,3,2023-03-15 12:18:12
T73577124,U5OF01Y,I24120,Home Appliances,88.99,3,2023-11-19 11:48:12
T87534283,UKI9H26,I85382,Books,442.04,8,2023-04-10 00:09:48
T43632196,U0MLLIL,I90553,Home Appliances,452.25,10,2023-09-21 12:06:48
T61106796,U05KQZI,I36096,Sports,447.16,1,2023-12-20 10:59:39
T87650950,U0XBDW7,I18947,Clothing,372.66,2,2023-11-28 06:16:38
T37637015,UTSIA1W,I17337,Clothing,284.81,1,2023-07-24 12:02:49
T23292677,UKKG4B3,I39610,Home Appliances,91.6,7,2023-03-16 00:17:14
T72940466,UQIFP1Z,I15860,Groceries,487.66,6,2023-03-06 05:28:30
T29826394,UUNPIMN,I71085,Toys,170.18,6,2023-05-11 17:08:38
T62459905,UG03DY0,I50590,Clothing,147.76,10,2023-02-14 04:01:15
T09481835,U5ECU5L,I73809,Clothing,155.08,10,2023-09-29 04:50:49
T01535727,UBX0ZQ2,I22081,Sports,107.93,5,2023-04-06 21:20:58
T19095874,U3RWTHH,I91062,Sports,45.19,1,2023-02-08 04:11:26
T23967330,U17MSAW,I60667,Sports,113.78,8,2023-04-09 11:03:41
T63000126,UNSETES,I20653,Electronics,487.19,7,2023-07-18 15:49:51
T29249399,U1OGLCH,I88287,Home Appliances,482.64,5,2023-07-19 22:14:58
T63452538,U0ZGIME,I94830,Groceries,428.44,8,2023-03-07 16:22:18
T10925106,UA0WJ93,I62923,Books,52.54,4,2023-06-07 21:02:13
T73442443,U5YM76R,I51131,Groceries,285.72,3,2023-07-30 02:27:09
T96540667,UYV4ADO,I58716,Books,277.61,1,2023-01-17 04:46:53
T10643876,UU0F3GY,I29849,Clothing,402.47,9,2023-04-22 18:00:11
T87459546,U5TN210,I38879,Sports,371.76,8,2023-06-14 19:33:23
T99241558,UEJ6AUE,I33727,Clothing,223.66,4,2023-11-08 13:00:21
T74555276,U5I7T53,I62008,Books,330.71,2,2023-10-24 16:55:47
T31296859,UGBHB09,I45597,Books,185.82,8,2023-09-05 07:55:19
T37142224,UXQQUYT,I93547,Clothing,210.26,1,2023-03-20 06:19:19
T74132684,U65EQ1F,I22529,Groceries,259.99,6,2023-06-12 23:58:32
T08792110,U302IET,I74795,Toys,112.77,2,2023-11-13 08:47:55
T90353796,U05CXV3,I96618,Sports,469.24,8,2023-11-20 18:21:40
T70798488,UZNS8A9,I60226,Electronics,331.16,6,2023-05-13 17:04:53
T11439843,UXPCA6X,I81788,Toys,478.38,7,2023-11-06 10:51:12
T08456203,UAC4GQ3,I15801,Groceries,358.06,10,2023-08-23 02:50:50
T70473156,USU4L26,I53416,Electronics,274.9,2,2023-08-27 10:04:08
T74164586,U3OGGCN,I38557,Clothing,185.43,9,2023-04-05 04:11:39
T50151264,U91H0AZ,I80935,Toys,423.94,6,2023-12-08 04:48:31
T11755556,UQRGHLA,I78030,Sports,42.39,5,2023-03-13 22:38:22
T15129025,UF43UUM,I91068,Books,457.01,10,2023-02-04 13:19:45
T55965121,UYEFWHV,I27987,Electronics,285.93,9,2023-11-21 11:26:49
T82353133,U248OMZ,I62175,Home Appliances,428.39,7,2023-07-29 19:23:54
T05810145,UYYYV68,I80255,Toys,147.85,3,2023-09-19 07:16:59
T35940530,UNETHLJ,I55035,Home Appliances,136.0,1,2023-10-15 18:43:47
T39761899,UOBMWIB,I09686,Books,193.23,9,2023-03-19 02:43:09
T68174442,U5SC9B9,I53689,Electronics,342.61,10,2023-07-22 09:17:42
T26018622,U4C0KV3,I26911,Books,148.99,10,2023-02-15 18:14:08
T01071616,UCYK9G4,I69383,Clothing,54.04,4,2023-11-23 13:17:01
T88112371,ULJTC09,I85897,Clothing,135.81,7,2023-10-11 15:59:40
T09694383,UA3LAJO,I49579,Clothing,155.99,7,2023-04-22 11:39:22
T47657781,UR7BTPE,I83992,Sports,382.48,6,2023-05-18 18:24:44
T32457468,UWKB2DR,I25730,Sports,379.44,4,2023-01-28 01:14:17
T68312447,UKZLHY1,I34125,Clothing,303.43,10,2023-06-10 07:45:58
T04155217,UQBG3BA,I74706,Sports,301.52,9,2023-11-19 22:07:16
T04462326,UIVJICJ,I04307,Home Appliances,193.73,8,2023-08-26 08:21:03
T53033693,UH90YCZ,I54273,Clothing,162.65,8,2023-09-18 03:00:39
T01648606,U6WZXZQ,I90386,Home Appliances,21.67,4,2023-12-14 20:56:29
T12834863,UNZ6OD1,I64403,Sports,62.58,1,2023-01-02 17:58:12
T60635406,U8DCLCZ,I68465,Groceries,13.96,3,2023-01-08 02:51:26
T95245291,U9YK2PN,I03163,Home Appliances,271.74,4,2023-09-10 03:58:08
T75599314,UNKIGFQ,I28659,Sports,436.14,7,2023-02-21 12:00:08
T89190863,UVCJU8C,I63308,Electronics,401.79,2,2023-07-22 08:00:06
T69220544,U8KK110,I83002,Books,188.42,7,2023-06-30 04:56:48
T09877587,URVIQ3D,I28076,Sports,467.79,7,2023-07-16 22:51:26
T62668772,UPYHQ7P,I81667,Groceries,99.78,10,2023-10-30 01:59:17
T44661672,UY61FWU,I45555,Sports,162.27,5,2023-02-26 17:44:45
T63501318,U2DU7E5,I81694,Electronics,226.67,8,2023-07-17 22:06:53
T83293067,UCGSRCF,I44328,Electronics,188.53,4,2023-11-02 14:26:36
T89670719,U9X0A1X,I13196,Electronics,326.9,1,2023-03-21 08:54:02
T91026752,UCZF9P0,I66790,Clothing,110.09,3,2023-06-03 12:08:46
T93494800,U2TQWBV,I23295,Groceries,184.07,3,2023-01-23 04:25:17
T98331078,UKOO4XR,I66393,Clothing,111.77,3,2023-08-27 19:37:50
T34023022,UTEUS1R,I77708,Groceries,353.92,3,2023-01-29 02:55:21
T42402710,UDLB5MQ,I88611,Books,29.17,1,2023-05-24 16:48:51
T34173221,U8H75RI,I14273,Electronics,148.27,8,2023-10-01 14:39:47
T01539269,U9KQ1RR,I18953,Toys,313.32,9,2023-07-31 22:51:59
T41089946,UQ2JDD5,I87750,Groceries,63.36,6,2023-10-09 00:42:12
T83690669,UZACQDD,I64035,Clothing,54.78,8,2023-01-12 23:02:18
T57507315,U0S02TA,I66220,Sports,290.14,3,2023-06-03 08:17:55
T04850279,UXCGC5W,I88200,Toys,17.56,8,2023-09-23 21:09:56
T45122513,UZGRNAN,I76051,Books,135.36,7,2023-11-18 04:34:23
T13793337,USLODPL,I05134,Home Appliances,446.49,7,2023-11-27 00:05:41
T80648012,UJLLFSY,I79840,Home Appliances,468.35,7,2023-12-17 20:02:38
T75636936,U0MHCM2,I01175,Books,23.8,10,2023-12-28 20:04:00
T33629563,UX2MVFW,I77746,Groceries,306.15,5,2023-01-28 06:21:31
T01472226,UJPKLO4,I50207,Home Appliances,156.86,8,2023-11-23 12:28:16
T38699145,UM8QWRL,I99274,Books,277.95,10,2023-11-20 16:27:49
T91533054,UAYO4AW,I89298,Groceries,9.47,7,2023-06-06 00:44:55
T04717831,UYZU3BX,I69444,Electronics,228.29,5,2023-03-30 02:49:44
T81377539,UDSFB77,I12103,Books,89.85,9,2023-01-13 23:05:14
T62268214,UEAAEK5,I06051,Groceries,407.85,5,2023-12-01 02:54:43
T64708374,UFV0KUK,I81549,Electronics,451.87,10,2023-11-30 08:58:28
T55264250,UEZSHEG,I66523,Toys,210.78,9,2023-03-23 05:50:14
T51977380,UCY17SY,I44398,Electronics,480.53,4,2023-08-03 00:57:13
T38062922,U5YY30U,I01130,Books,10.51,4,2023-07-30 04:04:01
T05216440,U62BBVD,I65680,Clothing,390.03,1,2023-03-13 09:36:34
T12345254,UIWZRJE,I90347,Electronics,139.98,4,2023-07-07 22:46:27
T26120715,UEX38LN,I58238,Home Appliances,73.02,10,2023-02-01 11:39:28
T32133671,UPSEOZ5,I80927,Electronics,75.59,5,2023-09-11 07:52:11
T16289530,U0RUP8Y,I56265,Sports,386.31,1,2023-07-20 03:47:15
T02637664,UTHSUSI,I17224,Electronics,230.26,5,2023-10-27 04:30:21
T44055984,UHT2ZBT,I88392,Home Appliances,244.99,1,2023-12-23 05:24:40
T52928012,UGUT4YU,I31860,Books,218.23,3,2023-02-21 02:22:26
T75944159,U5ZGUXG,I92844,Sports,110.41,3,2023-03-28 23:17:43
T47326857,UY7NN87,I33290,Electronics,25.23,10,2023-10-06 02:18:37
T96130994,UVF2886,I83923,Sports,193.34,9,2023-02-05 18:32:09
T59773941,UN6PWCE,I64825,Books,180.22,9,2023-06-03 03:04:30
T24140669,UV7S6K4,I65493,Home Appliances,469.61,6,2023-06-02 21:36:16
T64533204,UQ3CJ28,I50689,Books,316.54,3,2023-07-01 03:23:41
T71644235,UF9WVQJ,I62400,Toys,49.67,6,2023-05-05 23:51:35
T51632856,U65NRMN,I78087,Electronics,151.88,5,2023-11-10 11:55:06
T38181555,UKC0Z41,I61024,Electronics,465.34,9,2023-09-04 05:01:26
T73126475,UU4SCCT,I05802,Books,246.97,6,2023-03-17 19:28:55
T53539837,U07O1EQ,I65803,Clothing,373.61,2,2023-01-16 14:03:22
T97197814,UBSX5A0,I92677,Sports,36.16,1,2023-12-14 13:01:37
T64816934,UZ6DEU3,I58915,Books,314.9,1,2023-07-14 19:59:54
T22781243,UNU6ZN6,I51579,Groceries,346.79,10,2023-08-18 14:52:18
T69632826,UDBQYL4,I77927,Electronics,166.57,7,2023-07-19 19:28:11
T29357933,UQ912R1,I56218,Books,25.29,7,2023-11-14 19:33:21
T65125124,U47DTFI,I21682,Groceries,323.72,9,2023-10-31 22:32:59
T25883086,UG1SJOA,I20976,Groceries,21.82,7,2023-10-05 10:09:45
T07612171,U98GGGM,I87256,Electronics,273.68,6,2023-12-28 01:05:14
T35957700,U1XEX24,I56203,Books,461.14,1,2023-09-21 18:33:45
T48696280,USNJG3U,I55181,Groceries,359.42,3,2023-11-07 18:02:26
T27895616,U49CTIC,I23994,Electronics,354.54,3,2023-07-18 18:32:46
T54925712,U0HLFQ5,I89739,Electronics,204.28,4,2023-06-04 04:46:16
T73057254,UMKUKF7,I30402,Toys,225.42,8,2023-06-27 11:25:53
T29540394,U6LWZ5L,I57418,Toys,102.31,1,2023-04-15 22:52:08
T48927901,U8A3G9Q,I31488,Toys,390.54,1,2023-10-18 16:45:13
T52087033,U7WXVJH,I41089,Home Appliances,360.48,6,2023-11-12 21:11:55
T09564421,UXL6JPS,I00405,Home Appliances,433.81,10,2023-07-23 03:51:14
T25967957,UJEZOAH,I10566,Clothing,24.49,9,2023-05-03 22:31:34
T90431618,UAY8T4L,I70172,Clothing,40.73,1,2023-01-22 13:22:20
T61388118,UIAMOOX,I00058,Books,360.1,7,2023-11-28 03:17:43
T56916131,UCGILUW,I69561,Books,98.72,4,2023-04-28 09:37:18
T75724600,ULA8SIA,I31802,Home Appliances,230.88,8,2023-02-10 02:38:30
T17655517,UETDZO8,I65640,Books,313.78,7,2023-04-19 21:17:12
T01478777,U1K1EIN,I84006,Toys,23.13,3,2023-07-08 18:52:48
T71524471,UBPI6FB,I83622,Groceries,238.86,5,2023-05-14 12:13:22
T72685937,UYNG9NP,I05462,Books,342.67,5,2023-08-01 12:36:32
T64151566,U9J4O2Q,I65219,Groceries,27.94,8,2023-09-02 03:50:30
T18622085,UFH8HGK,I13492,Sports,204.79,6,2023-07-06 15:15:42
T57733362,UIF6CRK,I40950,Toys,241.68,3,2023-12-01 20:49:29
T94797582,UISCEWX,I11487,Home Appliances,484.34,8,2023-01-06 08:20:15
T50897905,UX19BA2,I87638,Clothing,258.17,7,2023-10-18 03:44:00
T99681664,UMA55YN,I20917,Electronics,129.59,3,2023-12-15 12:39:29
T28843586,UGB7VCA,I03324,Sports,356.13,8,2023-08-26 22:45:36
T73031689,UKPLWZO,I31808,Toys,195.24,4,2023-05-16 21:56:30
T96474192,UI68MA6,I25727,Groceries,285.69,6,2023-12-06 18:11:09
T37527213,UA9EWVY,I14976,Books,495.77,4,2023-08-06 15:07:00
T05569250,UK3LAJN,I23548,Clothing,235.34,2,2023-09-27 04:19:33
T25735113,UXA7D04,I24330,Groceries,35.75,3,2023-09-30 06:21:32
T31271702,U5O5KRU,I42422,Toys,136.35,3,2023-02-24 20:34:06
T73186207,U312UGX,I89151,Groceries,248.57,10,2023-09-15 23:28:50
T75038627,UPRHLFH,I21011,Toys,443.56,5,2023-12-15 02:21:40
T49907085,U4AA2N6,I69384,Clothing,455.28,10,2023-10-03 11:41:05
T87840907,UZOEDJ0,I35462,Electronics,150.65,7,2023-06-15 11:20:59
T50044378,U30UP61,I04172,Home Appliances,192.74,3,2023-04-14 22:40:08
T61080357,UOOAQ46,I09265,Books,249.13,1,2023-12-29 05:50:11
T32488862,UR1X1K3,I80785,Electronics,72.0,2,2023-02-13 02:56:01
T40279027,UD6P30G,I69450,Home Appliances,23.37,5,2023-11-28 18:32:33
T30227872,UZNXH5G,I75432,Clothing,203.59,1,2023-05-12 10:04:18
T90231625,UOQ3TYK,I29441,Electronics,199.27,10,2023-05-11 07:44:07
T08107941,UF3MFLG,I87673,Clothing,310.25,4,2023-03-28 01:23:38
T62510821,UVUAH09,I40722,Toys,466.1,4,2023-07-30 03:56:53
T96778745,U4EJL0Y,I92261,Books,451.39,3,2023-07-26 08:18:16
T87600731,UTQRHYO,I15518,Toys,273.87,9,2023-09-08 21:20:00
T82436794,UNU4FQK,I26100,Books,322.65,2,2023-10-18 19:33:51
T80873573,U42VLRX,I72085,Groceries,391.59,8,2023-01-12 13:13:42
T07249693,UDRA7V0,I64155,Electronics,121.88,7,2023-07-21 04:36:51
T78403052,UWQQSXU,I72088,Home Appliances,452.98,9,2023-04-04 12:20:12
T79706847,UXQYNRI,I59828,Groceries,437.94,7,2023-07-17 19:26:15
T88438295,UNAT0P3,I33230,Books,110.93,2,2023-12-18 01:15:01
T92813905,UAJPHFV,I41378,Home Appliances,23.62,4,2023-09-25 13:25:28
T23337595,U42XDO3,I48357,Clothing,168.34,2,2023-01-19 18:57:09
T48643828,UEJULSC,I58676,Groceries,20.12,2,2023-12-06 19:21:17
T02607032,U1RRTBF,I69222,Sports,330.31,2,2023-12-04 13:03:48
T23102223,UUV66HY,I91380,Electronics,181.72,6,2023-12-22 23:42:23
T24061422,UQF8DJK,I21251,Clothing,453.81,1,2023-03-29 02:10:04
T92143377,UJ36FT0,I16880,Books,420.49,6,2023-05-29 14:09:14
T76015246,UTXK51R,I10636,Clothing,104.23,7,2023-04-12 00:03:49
T58240360,UY7MR2E,I11754,Groceries,163.32,6,2023-01-10 10:02:16
T76666352,UOJY3EB,I37618,Groceries,193.97,8,2023-02-17 03:29:59
T02918351,UGDLEJK,I93583,Home Appliances,486.56,10,2023-02-18 13:06:16
T58205715,UH8NALN,I55691,Home Appliances,132.81,7,2023-11-14 02:19:58
T10770892,UWO6K7H,I94812,Electronics,368.46,5,2023-12-02 15:08:39
T17905124,U95U3YS,I84325,Sports,448.92,4,2023-04-04 20:17:05
T04340135,UNOF8ZN,I30862,Groceries,372.71,1,2023-03-24 01:39:54
T40051106,UMQFGS0,I04326,Sports,439.29,9,2023-06-06 10:18:36
T15577829,UUJ5Q4I,I15981,Home Appliances,259.81,1,2023-01-25 08:18:57
T21828238,U5UQ09W,I05634,Home Appliances,265.17,10,2023-12-13 08:43:37
T01575407,U17TW2A,I32935,Electronics,19.2,2,2023-03-16 13:55:16
T20028227,US0XPSZ,I41541,Clothing,262.97,7,2023-06-09 09:42:59
T37520965,UTCAFE9,I36923,Toys,304.94,9,2023-11-30 16:24:00
T88458462,UG84NY9,I73922,Groceries,250.37,2,2023-08-02 03:05:53
T87239735,U93NP4F,I53452,Groceries,423.01,8,2023-06-09 14:45:24
T14338380,UPEFL43,I40659,Electronics,358.97,1,2023-12-30 02:01:51
T53190685,UW85D7T,I89200,Clothing,244.43,6,2023-07-15 20:52:47
T86506841,UJ7Y6BS,I67921,Sports,107.2,10,2023-10-26 06:08:00
T47990198,UQDXAJP,I67046,Sports,148.04,3,2023-10-17 07:30:46
T57877855,UPKO8K2,I02753,Sports,269.35,3,2023-05-16 22:41:55
T35247309,UA9E8BK,I90619,Clothing,205.21,4,2023-11-10 13:48:49
T99127273,UHADO39,I78915,Books,85.82,8,2023-02-26 02:23:59
T67121456,UQUADO5,I29684,Books,110.41,4,2023-05-18 18:02:03
T57930835,UGFKAD7,I52050,Electronics,494.11,8,2023-02-04 00:16:51
T05424356,UTK3VCZ,I43185,Groceries,6.05,6,2023-05-13 08:23:45
T42852437,UAYFFNV,I90400,Electronics,313.79,10,2023-09-24 09:56:17
T92316105,UG8KKN4,I27909,Sports,434.25,5,2023-07-08 17:10:07
T73138440,U1V46RU,I90477,Sports,295.43,10,2023-03-20 21:56:33
T93968825,U0HDIEU,I40854,Sports,321.82,6,2023-10-06 23:49:36
T20886443,U71HQBM,I39742,Home Appliances,418.37,1,2023-04-10 22:05:28
T66254759,U74OX7T,I94492,Books,149.61,3,2023-12-14 14:54:16
T38504923,UVNOGRH,I79135,Home Appliances,405.42,7,2023-10-09 20:39:30
T59230947,U485705,I46790,Clothing,389.2,6,2023-04-24 14:21:05
T16541162,UW4DKBV,I64451,Home Appliances,98.4,8,2023-10-03 06:31:41
T81791670,U9ZDNXK,I06055,Sports,472.72,1,2023-05-26 15:23:47
T49777278,U8EBJ2W,I20871,Electronics,391.26,9,2023-01-19 07:05:30
T20195551,UPXF79V,I20199,Home Appliances,163.65,10,2023-03-20 02:48:14
T10006936,UBAWXTQ,I60156,Home Appliances,131.77,1,2023-12-21 16:46:56
T66050432,U1ORIMU,I34302,Clothing,365.68,10,2023-09-19 04:47:11
T01623832,USCRMSK,I61785,Home Appliances,465.16,4,2023-03-22 12:07:46
T56462284,U541KY3,I12657,Electronics,293.69,2,2023-12-15 03:49:55
T90051441,U6YAH65,I67787,Groceries,340.37,7,2023-12-12 07:17:32
T03529276,U57DTHK,I90985,Groceries,427.14,10,2023-04-03 16:58:37
T64919337,UK51CLF,I20658,Books,444.7,4,2023-01-24 13:26:51
T92530125,UPNW9OT,I89771,Toys,346.24,8,2023-11-25 04:06:25
T18711617,U57LV43,I77560,Sports,85.25,9,2023-07-08 04:25:56
T61417139,UGPNNZJ,I23319,Electronics,7.16,9,2023-08-26 01:48:46
T32467852,U1JBUIN,I67283,Clothing,103.08,3,2023-02-14 12:28:55
T46072973,U5N3QLD,I55755,Groceries,189.7,1,2023-01-18 22:53:49
T30476181,UJESCTS,I88363,Toys,476.02,10,2023-08-12 14:03:31
T14073767,UN63F6T,I29534,Sports,79.47,5,2023-04-16 10:12:39
T21437064,U9A01SP,I27171,Clothing,216.67,4,2023-11-10 11:10:31
T46032895,UO1Y8WE,I58822,Clothing,425.67,6,2023-10-07 13:33:10
T44081634,UTT3H8N,I77244,Sports,406.42,6,2023-07-10 13:43:24
T97221987,UD3VFTJ,I20102,Electronics,399.37,8,2023-10-31 16:20:11
T95667467,U7C88QY,I59313,Clothing,32.26,10,2023-11-13 18:45:14
T34534216,U7HQOPU,I76244,Home Appliances,385.79,8,2023-05-16 05:39:36
T25553269,UZRLRA4,I93780,Home Appliances,127.66,2,2023-12-24 12:18:09
T10009134,U8UBI4B,I05814,Clothing,253.04,3,2023-04-05 18:01:17
T19342652,U1JA63U,I28704,Sports,475.68,6,2023-02-26 19:03:12
T23370290,UGRZCHF,I86561,Home Appliances,405.39,5,2023-11-11 04:52:11
T83536442,UVR9UA6,I85938,Sports,206.49,4,2023-12-12 17:07:20
T25126328,UL3FB2G,I79232,Home Appliances,200.26,6,2023-07-04 11:50:46
T96909233,U1MWCAB,I97530,Groceries,471.78,5,2023-03-18 05:58:58
T62289706,U1WH2DR,I51096,Groceries,120.32,7,2023-02-24 19:39:44
T17667713,UF9H4QK,I48293,Sports,317.31,6,2023-09-17 17:24:42
T02833913,UDXNS11,I02611,Toys,331.8,10,2023-06-27 13:41:20
T50347620,UQDBMAH,I84546,Home Appliances,6.57,7,2023-03-08 23:06:43
T44764697,UNS1LK1,I49324,Toys,144.24,1,2023-11-06 08:58:47
T78770904,UJRAOXM,I32493,Toys,174.46,3,2023-05-27 16:01:09
T48867309,UGC3H1M,I83450,Groceries,444.34,7,2023-06-08 23:35:14
T51583776,UW4GWM8,I75984,Toys,222.47,2,2023-06-03 19:54:06
T92974329,UFLSG3K,I54206,Groceries,428.51,6,2023-02-28 14:55:49
T49743325,UJIYZF2,I88460,Home Appliances,54.25,6,2023-01-20 23:46:41
T99350533,U1KL546,I36007,Clothing,436.38,5,2023-11-02 11:56:32
T19079256,U6V5R5Y,I24971,Clothing,290.68,9,2023-12-14 09:08:07
T63636407,UY9XIUU,I75055,Clothing,395.92,4,2023-07-20 14:06:39
T14504535,U254BQW,I91513,Sports,295.87,10,2023-01-26 21:12:01
T27179774,UDU1MI6,I58447,Groceries,176.36,2,2023-01-20 01:53:23
T20105313,UNAVOJL,I47645,Books,180.63,9,2023-03-02 12:48:52
T75598042,U767GEC,I99612,Electronics,437.32,5,2023-06-25 09:20:58
T04409587,UAW85G3,I86520,Toys,419.29,1,2023-11-23 15:07:07
T80573486,URP3NXV,I63509,Home Appliances,228.61,6,2023-07-20 16:54:34
T15507651,UV0J2LW,I92651,Sports,494.99,5,2023-03-18 13:52:21
T88199797,U0CMFC6,I57412,Home Appliances,9.73,3,2023-02-27 18:38:58
T57941703,UDR1SHP,I90388,Electronics,309.52,2,2023-01-19 11:50:29
T34006310,UEYH6JH,I43149,Home Appliances,160.32,2,2023-01-28 22:33:12
T83740015,U6YDV0Y,I87171,Home Appliances,257.72,7,2023-02-25 08:59:19
T60935151,U8HJGGV,I88907,Clothing,232.46,3,2023-06-25 01:13:52
T70629789,U6HJM8F,I20138,Electronics,58.36,3,2023-10-30 09:15:48
T46290351,UIBZ78R,I84693,Sports,262.8,8,2023-09-28 10:22:51
T52979079,UX798IA,I11945,Groceries,238.5,8,2023-08-09 14:41:20
T85409973,UBSOZ75,I58368,Clothing,264.27,4,2023-04-16 02:05:25
T77420748,UTV5X5E,I10852,Toys,468.82,5,2023-06-18 21:16:40
T65638509,UTQ3Y0J,I39711,Books,432.83,1,2023-10-15 21:45:36
T62135646,U2DILHM,I26053,Home Appliances,472.73,2,2023-12-22 09:53:30
T57199438,U8TG77Y,I02588,Groceries,486.39,9,2023-09-24 01:58:43
T86002075,U6WEG65,I68356,Electronics,259.36,5,2023-08-17 17:59:57
T39135597,U9C3RRK,I93683,Books,322.85,2,2023-08-23 16:37:45
T76087576,UYBGYHP,I11838,Sports,160.44,5,2023-08-05 22:35:31
T60154289,UCOJSCR,I51499,Groceries,237.94,7,2023-05-09 08:44:09
T42208464,UFULA7W,I81990,Clothing,164.91,8,2023-07-14 11:28:42
T91580335,U89VWI2,I47927,Home Appliances,474.62,8,2023-05-27 19:58:45
T09473702,UTBISSW,I16893,Books,153.27,6,2023-06-04 18:38:15
T19366526,UMVAVUG,I71705,Sports,345.65,5,2023-05-19 06:29:54
T03353623,UKESAMQ,I56277,Groceries,81.07,2,2023-07-08 05:04:26
T63418697,UOH99X9,I66973,Groceries,116.04,6,2023-12-03 06:22:44
T87142678,UYYWICU,I97740,Home Appliances,188.17,9,2023-11-26 15:49:53
T11492269,U1WYTOV,I65366,Books,298.56,7,2023-08-23 16:05:00
T90902447,UVSJMRL,I88965,Books,352.47,8,2023-07-28 10:50:29
T55949153,UVFOCX2,I18136,Electronics,129.45,4,2023-06-05 15:48:13
T61554366,UHT4FRS,I50219,Sports,203.06,6,2023-07-07 05:55:20
T53672891,UAE56FK,I65194,Toys,485.31,3,2023-03-09 09:32:24
T41613870,U1HLSBU,I13699,Sports,489.07,6,2023-06-28 02:31:03
T40040103,UVPHI0V,I94424,Home Appliances,66.83,6,2023-07-31 23:40:29
T51401740,UBY4TYY,I42171,Books,350.22,6,2023-01-19 07:55:24
T36145417,UCYRNNG,I88685,Clothing,459.95,3,2023-03-26 21:34:26
T16445428,U4VO8J9,I43227,Electronics,222.91,2,2023-12-09 03:38:26
T08680853,U4BHHPR,I32508,Toys,113.67,6,2023-07-22 09:18:28
T93068252,UQWXOBE,I13077,Sports,484.02,7,2023-06-04 22:51:50
T01632813,UD43L2E,I56306,Home Appliances,382.94,8,2023-04-12 01:04:42
T67504739,UURI068,I96994,Toys,474.15,8,2023-06-28 16:03:18
T84574198,UYHV0V3,I01326,Electronics,453.83,9,2023-04-26 03:56:13
T10971064,UT5XT8I,I90066,Toys,345.95,2,2023-04-11 22:15:09
T16585193,U63TUWM,I35415,Sports,242.73,8,2023-03-16 23:05:11
T56811273,U7EJWUX,I17167,Sports,186.25,10,2023-12-22 13:59:34
T02665700,UOGHQEM,I65874,Toys,67.07,2,2023-04-09 09:38:50
T69226479,U6CH6N7,I33252,Groceries,417.9,6,2023-05-16 22:53:04
T33169109,U14KOSU,I52254,Books,87.11,8,2023-10-31 19:48:22
T43474357,U5RV77S,I30294,Sports,299.01,1,2023-01-28 22:54:40
T42481555,UXV7MWK,I26533,Clothing,383.27,3,2023-07-12 21:22:41
T31142441,UTAN2ZA,I85493,Groceries,288.64,6,2023-08-16 02:04:47
T21011281,U94XQTI,I46833,Groceries,36.89,8,2023-07-01 05:37:48
T29455858,U7BXPGD,I65556,Toys,331.72,1,2023-11-29 06:38:23
T57798049,UPH5RI1,I59956,Sports,417.36,2,2023-01-14 05:42:03
T06942336,UO1OVUQ,I42554,Electronics,70.35,10,2023-06-21 16:53:11
T54297034,UNGW8W7,I53936,Groceries,168.08,9,2023-11-06 06:35:00
T01848683,ULWMOUK,I36944,Toys,469.97,10,2023-08-31 19:21:51
T56178111,UPH1MJQ,I37445,Toys,298.89,1,2023-08-21 01:14:46
T56811489,UKNT2TS,I35806,Groceries,471.78,7,2023-04-03 09:16:06
T20579631,U2QUZW6,I99255,Sports,315.34,10,2023-11-19 00:46:29
T48625280,UGE7UOU,I43593,Books,288.14,4,2023-02-13 02:13:25
T37607134,UPEYBRO,I42097,Home Appliances,466.67,4,2023-12-24 20:27:31
T29129373,U4LZZKW,I63350,Home Appliances,203.4,7,2023-06-12 04:10:36
T13027464,U0QT4JR,I02946,Clothing,106.44,6,2023-09-27 19:41:28
T99513130,UNG2EE7,I89551,Toys,244.88,10,2023-04-12 02:03:10
T51758435,U0506C2,I71085,Clothing,351.18,4,2023-02-19 14:43:54
T44319935,U37UGFD,I81578,Groceries,30.75,2,2023-04-11 17:12:56
T10745368,U8IC53O,I82912,Sports,109.89,4,2023-02-02 11:46:44
T04188601,UA4GMY4,I47783,Groceries,150.43,6,2023-02-04 17:07:53
T33282864,UJR60EP,I70354,Toys,381.94,9,2023-02-12 19:20:59
T20395125,U2R25GE,I42296,Sports,59.25,1,2023-07-17 21:29:26
T71104557,UA4MM3X,I20913,Electronics,451.1,10,2023-07-02 22:54:26
T34146784,UIRK6SX,I19221,Books,204.78,8,2023-06-06 01:41:28
T59525415,UJK3AHU,I37900,Groceries,191.6,9,2023-09-10 19:13:00
T70676357,UVSQ3TE,I26327,Clothing,377.23,7,2023-01-16 00:48:49
T86327549,UU5WHCK,I58413,Sports,356.93,7,2023-11-29 03:56:43
T67484796,U9AGQ5E,I40176,Home Appliances,435.36,9,2023-04-18 14:30:24
T60688001,UWW3I90,I93372,Home Appliances,441.63,7,2023-12-10 11:26:18
T56879860,URR99LG,I54486,Groceries,90.85,9,2023-02-25 15:43:34
T35061683,UFCWSX1,I15580,Sports,298.53,2,2023-06-24 13:45:58
T00108081,UCKPKJY,I81540,Groceries,290.38,5,2023-07-12 00:02:38
T43776056,U19U58P,I09667,Sports,277.2,9,2023-09-23 10:31:43
T27478319,USOEQGP,I47870,Home Appliances,438.08,8,2023-08-04 14:15:06
T66251139,U0KCRLW,I88336,Sports,109.17,2,2023-05-08 18:17:19
T11414930,UNJEB26,I93101,Books,38.65,9,2023-05-08 23:39:24
T45679643,UGEEQXK,I59474,Sports,415.2,5,2023-10-22 14:55:23
T37641086,UVJGZ3P,I34700,Sports,302.68,7,2023-05-01 07:12:59
T26439962,UHRY2RE,I14939,Groceries,490.17,1,2023-06-07 11:09:25
T28020869,UR58OAX,I55686,Groceries,10.02,10,2023-03-22 00:14:48
T14618222,UTF1O43,I05484,Home Appliances,183.62,1,2023-02-15 05:52:07
T06386276,ULFMRRI,I79251,Home Appliances,157.34,5,2023-01-20 12:02:28
T02874215,U2QPFED,I62629,Clothing,295.66,10,2023-05-09 23:20:52
T70976887,UJ90C40,I14336,Electronics,401.17,10,2023-05-18 10:40:38
T30360203,U4W8Z75,I05423,Home Appliances,282.49,7,2023-12-27 00:48:16
T61709460,UHL3WCK,I35619,Toys,388.22,2,2023-04-24 14:38:51
T67682999,UU8I28I,I32142,Sports,130.96,2,2023-06-17 05:21:00
T11043259,UWB764J,I47328,Groceries,491.9,8,2023-05-10 00:28:21
T46141238,U8IK8ON,I33285,Home Appliances,44.32,8,2023-01-05 11:41:40
T66344833,USF3O9W,I76437,Electronics,242.9,4,2023-10-09 19:04:35
T80308715,U4LIZYN,I07948,Electronics,117.73,2,2023-12-17 10:02:42
T03886266,UHBYG9Z,I28643,Groceries,395.14,5,2023-07-31 00:03:52
T06369084,USBLDUU,I20959,Clothing,335.04,6,2023-11-14 05:18:57
T87259548,UY1OQSJ,I83213,Groceries,347.62,8,2023-06-14 02:22:06
T03755017,U3RAJOY,I18847,Electronics,468.0,8,2023-07-12 10:16:11
T01749540,UN1KFT8,I21916,Electronics,436.59,2,2023-09-03 20:25:54
T88411953,UYAA9Y5,I22998,Sports,383.21,3,2023-01-02 22:20:46
T20969073,UMR9O20,I10122,Clothing,133.21,5,2023-07-17 22:48:36
T34085438,U9DX7XT,I02211,Toys,487.69,7,2023-03-09 18:02:12
T56658682,UB4W015,I16572,Sports,303.17,6,2023-03-24 10:18:48
T04962480,ULK3LUD,I44848,Toys,483.81,7,2023-12-04 23:22:06
T23713581,UKATBEA,I99400,Electronics,288.64,6,2023-09-25 10:07:05
T87740325,UYIZ60E,I84091,Electronics,397.2,4,2023-10-17 17:59:20
T98687074,UV7YX3A,I78684,Toys,266.74,2,2023-09-28 15:25:12
T49137067,UDHIZ0H,I73656,Sports,481.45,8,2023-04-25 11:23:43
T97191958,UBWDJBN,I27669,Clothing,7.95,6,2023-12-22 01:17:06
T92488643,UEMRSCH,I41957,Clothing,452.85,3,2023-05-11 18:00:22
T49196385,UZA0HRG,I30179,Books,281.63,7,2023-09-07 18:04:44
T00417337,UQCIYA2,I95738,Home Appliances,82.57,3,2023-11-20 17:29:00
T41184575,UDDR8JX,I01076,Groceries,193.14,9,2023-04-15 21:31:37
T31026127,U6T0Y0S,I02778,Electronics,212.76,8,2023-11-08 16:02:17
T00880928,U14T5SJ,I50524,Clothing,213.54,9,2023-10-21 13:01:06
T73858467,U2R5B6Q,I67607,Toys,174.98,3,2023-03-30 08:16:06
T90487541,UE7JLKI,I47466,Groceries,393.28,10,2023-09-21 09:30:35
T30296333,U4SDYU4,I45290,Sports,493.58,10,2023-08-22 02:09:25
T33188464,UKZZ5ET,I76634,Sports,459.91,9,2023-01-28 14:24:38
T20325404,U601Z6Z,I52728,Home Appliances,161.71,8,2023-11-20 17:27:14
T83189154,UF5UNMU,I46397,Books,48.19,5,2023-12-09 15:47:06
T09777431,UAQGJQ2,I02110,Electronics,401.68,7,2023-08-28 02:04:43
T69170868,USGX997,I29883,Electronics,187.75,5,2023-01-27 03:11:53
T28048739,U3EL1E5,I56848,Sports,51.47,4,2023-08-03 02:15:02
T34142617,UK8C537,I09453,Books,473.79,1,2023-12-30 07:44:09
T49426672,UO9LJKI,I20469,Home Appliances,60.78,10,2023-04-04 04:16:05
T53258033,UL5GZ1G,I00456,Books,360.81,9,2023-07-21 20:28:37
T07979108,UIHHQ4C,I21979,Electronics,403.63,3,2023-06-15 10:44:57
T17082308,UA1BVGP,I10857,Clothing,252.6,5,2023-05-12 08:33:40
T41383777,UANYVCS,I03722,Electronics,323.69,1,2023-03-08 18:49:41
T60496399,UZ193K2,I22950,Sports,418.71,9,2023-07-03 22:10:18
T93551903,ULSDXTE,I11409,Toys,40.4,5,2023-01-09 06:24:01
T64616674,UQ21WYI,I00755,Books,319.5,4,2023-12-01 06:25:37
T67734853,U1V6IJG,I14228,Groceries,181.75,8,2023-05-30 13:48:32
T57244564,UUCTQJL,I68227,Home Appliances,380.56,5,2023-05-31 05:40:27
T68430991,UW15YHE,I66579,Books,127.82,4,2023-09-11 06:48:56
T95223797,UYLYUI4,I45095,Groceries,407.41,9,2023-10-12 07:23:29
T96157627,U5CH68F,I33683,Clothing,252.41,10,2023-06-29 22:47:32
T19517903,U9SZSKK,I62545,Books,343.1,7,2023-09-08 05:18:51
T74770432,UVAFON0,I22194,Toys,125.94,7,2023-04-12 06:20:30
T80416401,UJ935XG,I66683,Clothing,13.77,9,2023-02-11 12:25:52
T78160195,UKPNMWO,I85533,Clothing,399.95,6,2023-11-07 20:30:23
T97928112,UTUVJAT,I46690,Sports,341.53,10,2023-11-19 01:50:13
T77565495,UIANI6L,I63000,Toys,118.93,3,2023-05-22 23:36:55
T26597156,UUYZU29,I42966,Sports,116.89,6,2023-01-23 05:02:55
T77092639,U3PEDHW,I71394,Clothing,149.74,1,2023-09-24 15:37:39
T65686923,U59LNRK,I41059,Home Appliances,19.28,5,2023-05-02 07:20:25
T76131345,UQY7FPP,I45534,Groceries,487.77,6,2023-12-30 13:31:10
T12904912,U61OWVP,I20630,Clothing,268.26,6,2023-10-06 13:17:16
T51105412,UY2ARRW,I69769,Home Appliances,434.03,4,2023-10-14 14:17:49
T45236693,U2T4UK0,I41367,Sports,138.7,2,2023-03-01 04:06:14
T69074897,U7RMTOM,I43846,Home Appliances,401.55,3,2023-08-20 22:02:21
T13131307,UF4GCS1,I63980,Toys,188.59,5,2023-06-03 09:45:41
T07063939,UOT5M89,I12167,Books,385.22,10,2023-07-10 09:08:53
T07681932,U8HPEIT,I52075,Books,22.49,7,2023-03-25 22:55:51
T83476959,UQNYTR1,I54038,Home Appliances,274.01,8,2023-04-13 09:32:52
T28342869,UXBIU6Q,I60390,Clothing,207.65,6,2023-07-06 11:03:24
T01026663,UEQ5MJ5,I34282,Clothing,221.39,1,2023-04-04 09:37:31
T53335211,UPSBSOU,I93073,Books,67.35,4,2023-07-08 20:29:06
T85964074,UMZ2RIK,I53493,Clothing,477.74,10,2023-07-11 00:44:56
T44460749,UEN58P0,I41226,Toys,126.93,2,2023-07-04 22:02:32
T60833578,UXID8OS,I39106,Books,236.24,5,2023-10-21 18:22:44
T35466751,UKX30XN,I59397,Sports,30.61,7,2023-03-06 00:24:59
T00500527,U6PSZ47,I16522,Home Appliances,144.29,6,2023-08-14 02:05:49
T73990031,UJGSNUY,I74856,Sports,168.1,10,2023-03-25 12:27:12
T49188371,UTVQGH1,I74084,Books,392.43,8,2023-05-06 18:55:54
T89534379,U13H3QQ,I52731,Toys,294.28,8,2023-03-07 07:25:16
T55992441,UWDLPNG,I41347,Clothing,349.83,10,2023-11-30 02:47:26
T88387934,UR0MXE2,I90479,Books,373.55,6,2023-04-04 02:55:03
T91464166,U6KRDRT,I82767,Electronics,169.73,7,2023-10-17 09:01:05
T79984169,UHGUU2Y,I87440,Electronics,272.31,9,2023-07-24 12:04:08
T65441124,U4ASOIV,I56471,Books,198.01,9,2023-04-08 18:52:51
T43005707,UKI1RR4,I82704,Groceries,322.28,2,2023-05-03 11:57:19
T34411234,U1URUA4,I31963,Sports,177.58,4,2023-05-24 23:53:48
T84116405,U6VND5A,I39165,Groceries,158.34,2,2023-12-07 12:58:44
T45684775,UJ2R72U,I25474,Groceries,126.41,3,2023-08-14 06:11:04
T89628405,UYJUK5K,I73671,Toys,128.32,8,2023-09-15 12:17:39
T58472404,UGI3YK9,I17798,Home Appliances,182.3,6,2023-11-07 22:30:05
T27771493,U4NVYC9,I91713,Sports,393.61,8,2023-06-08 07:45:48
T58494141,UITMMVW,I69602,Electronics,452.95,1,2023-06-30 11:21:03
T99519464,UFFOMK4,I17252,Sports,217.98,9,2023-08-19 03:16:31
T88334972,UIYODPK,I65109,Home Appliances,489.25,5,2023-11-30 04:27:56
T23612474,UQBNUYW,I66261,Groceries,330.72,5,2023-07-25 10:45:10
T78178471,UBXCA32,I08485,Toys,393.4,9,2023-06-27 17:46:54
T55169567,U5CZOP0,I55200,Sports,64.5,7,2023-05-19 21:29:03
T66067559,U6M73SV,I89155,Home Appliances,239.95,2,2023-03-25 13:29:04
T42491156,U0KA20D,I56825,Clothing,177.52,8,2023-09-04 13:48:12
T13295961,UQIAWML,I64150,Books,495.31,8,2023-01-29 10:01:13
T33395104,UJL1PN5,I72787,Home Appliances,256.25,2,2023-06-17 02:01:00
T78061104,UFE5FD3,I60239,Toys,431.27,8,2023-05-16 17:56:58
T68933850,U8A5FN7,I67898,Groceries,126.54,6,2023-02-15 23:46:33
T32799559,U531PU9,I35298,Sports,163.15,2,2023-05-23 09:03:56
T15797410,U3CPNBZ,I61500,Clothing,282.86,2,2023-05-04 13:56:07
T85229297,U2K2KUT,I51177,Home Appliances,387.7,9,2023-06-20 07:37:57
T03532082,U9878NC,I99489,Electronics,378.8,2,2023-10-15 14:42:32
T36662604,U01H7Z3,I28636,Toys,203.69,2,2023-08-13 09:51:20
T34455312,UT7KE61,I51112,Groceries,17.94,9,2023-09-10 13:13:50
T06039842,URCJQ13,I21889,Books,269.83,8,2023-03-09 17:53:44
T70696817,UX1W0A5,I68658,Books,259.22,1,2023-12-14 18:24:14
T36333473,U32K9NI,I29618,Toys,234.29,2,2023-10-25 21:27:14
T68417103,UGCZ8LI,I91485,Clothing,480.01,3,2023-04-23 15:34:59
T17001882,UM8ZPNC,I04611,Home Appliances,452.15,3,2023-11-14 20:32:38
T46594667,UGHNFXD,I99555,Clothing,18.12,4,2023-04-07 20:13:25
T59852216,UIEJH0B,I66919,Toys,303.7,9,2023-10-24 07:29:47
T61396331,U4X8W1Z,I30072,Toys,320.38,8,2023-03-01 13:26:40
T23235327,U38KZFC,I45442,Clothing,401.8,1,2023-05-15 08:11:31
T93983269,URMW94E,I77731,Sports,367.28,10,2023-01-23 16:07:23
T59996215,UO6O7SG,I75445,Clothing,232.54,1,2023-05-29 06:33:00
T85724468,UY3OEHU,I20257,Electronics,7.92,1,2023-11-12 08:07:32
T04299686,UY8AFR1,I61880,Home Appliances,378.29,6,2023-12-17 18:06:52
T25219817,U1VDD6V,I72545,Electronics,342.33,4,2023-10-14 16:30:13
T76580578,UMBEREI,I79358,Books,185.85,10,2023-04-15 05:20:15
T35475003,UDUHLD2,I87746,Sports,252.39,3,2023-07-13 07:59:07
T84429634,UIE4LE2,I96238,Electronics,369.81,5,2023-11-05 16:15:43
T23975267,UVAZRXS,I18124,Groceries,117.09,4,2023-09-07 21:04:07
T50848216,UCODNMY,I49257,Clothing,334.25,1,2023-06-02 02:06:51
T69168449,UNDRHGA,I12276,Clothing,320.56,1,2023-08-26 02:50:07
T26380017,UVXAHFI,I30030,Toys,402.54,10,2023-07-19 18:39:30
T87248623,UG52IA0,I45693,Home Appliances,357.51,7,2023-09-21 15:55:38
T02281232,US1RNFW,I38301,Toys,288.56,5,2023-09-07 21:21:07
T68123684,UIR370Y,I46195,Books,261.13,6,2023-12-19 10:54:53
T98871738,U9B75MT,I28829,Clothing,40.34,2,2023-09-14 22:58:41
T63727722,UIT1RNT,I59507,Clothing,383.82,4,2023-05-17 09:20:37
T52617599,UC9YHJQ,I13621,Toys,466.88,4,2023-12-07 18:59:43
T52780793,UPHMKHK,I88327,Home Appliances,426.3,5,2023-10-13 01:23:36
T38258011,UZ71JL2,I53572,Home Appliances,350.3,2,2023-04-15 22:45:57
T09622415,UR72O4I,I19911,Toys,17.99,2,2023-01-02 10:03:27
T39282317,U4OT2UP,I40479,Groceries,53.71,9,2023-12-22 13:14:37
T30282465,UUN0Y0Q,I13144,Clothing,388.67,4,2023-10-27 06:56:53
T08421239,UO2G62K,I39722,Books,35.25,8,2023-12-17 19:06:01
T11375882,UC9MBWK,I25632,Books,331.28,3,2023-08-20 05:15:10
T83501238,UJ1EH8T,I19865,Clothing,460.6,8,2023-10-08 02:15:35
T12391960,U9GB08E,I12850,Electronics,82.37,6,2023-04-01 04:49:43
T01774864,UU9PNDB,I46849,Toys,80.65,2,2023-12-06 01:53:31
T61440749,U7H1SZZ,I40119,Sports,302.94,1,2023-07-30 19:46:19
T19592168,U2NX5L2,I02054,Groceries,157.37,5,2023-03-14 21:09:30
T98015229,UX1M82I,I23202,Home Appliances,431.95,3,2023-12-05 02:06:12
T95580574,UUNSKHP,I09301,Clothing,497.65,7,2023-11-23 06:29:41
T64202764,UXZVM1P,I45280,Books,288.58,8,2023-04-17 04:46:21
T76360564,UZINPM1,I97885,Sports,347.31,3,2023-08-20 06:07:49
T02034859,UB9GGXN,I35136,Books,167.28,7,2023-06-28 18:13:27
T35789103,U6Y62K3,I61299,Sports,373.65,3,2023-11-13 07:22:33
T54857105,U16L6LL,I10628,Groceries,350.21,3,2023-05-17 23:41:12
T58563062,U11DJ9U,I29995,Electronics,388.43,3,2023-11-09 08:46:41
T60496332,UBASXBW,I94268,Books,394.99,3,2023-05-10 23:08:37
T54133394,USTVDRF,I21924,Toys,298.49,1,2023-12-29 11:13:10
T08897831,U3V5CZO,I23925,Books,467.35,3,2023-03-09 01:32:21
T36980772,UWWMKAJ,I09528,Electronics,487.09,1,2023-09-01 10:58:24
T99978598,UPL5HW7,I48122,Books,94.16,5,2023-10-17 19:16:36
T09945790,U2YOV8J,I56569,Books,63.51,9,2023-10-31 07:58:35
T83778521,U7XSUF1,I77418,Books,418.03,6,2023-04-09 10:27:01
T28549011,UX6E9HW,I85337,Books,360.61,3,2023-04-10 00:47:01
T85518746,UC39S3T,I92082,Electronics,102.44,10,2023-02-05 20:17:51
T71341020,UZ3T37Q,I57974,Toys,398.24,9,2023-07-28 19:37:36
T08002920,U8F3YLS,I41403,Toys,9.64,5,2023-01-15 17:29:53
T21964349,UMAN7WB,I97805,Clothing,159.5,2,2023-08-23 04:25:10
T03698513,U5TJNPT,I22050,Groceries,395.29,5,2023-03-05 11:44:33
T45836093,UKSEEI8,I03879,Books,88.12,3,2023-07-21 00:00:50
T77102691,UJ4S86K,I86445,Home Appliances,133.06,5,2023-10-01 18:50:37
T16236179,U9SKAYS,I74546,Toys,409.25,6,2023-11-25 13:01:22
T09497407,UBDFGFW,I57703,Home Appliances,71.89,7,2023-09-07 10:38:43
T61539736,UNIMJ2V,I72483,Books,307.64,7,2023-03-23 06:40:26
T59430980,UJI4GEZ,I92999,Sports,241.16,8,2023-11-23 13:14:39
T76771004,UNWN0L9,I34332,Home Appliances,265.64,3,2023-08-31 13:32:46
T66809536,UNSJHJF,I61637,Sports,151.37,8,2023-03-10 07:16:11
T21802327,UOEVQTH,I28201,Toys,184.42,10,2023-03-12 22:31:33
T26605209,UU11UAT,I12874,Home Appliances,40.11,10,2023-11-05 09:30:07
T79320968,UWGRMCM,I81846,Electronics,295.03,6,2023-02-26 15:57:48
T08698432,UBIV5UI,I06840,Groceries,285.01,10,2023-05-30 14:23:38
T58845398,UJZOPG8,I76252,Sports,95.67,9,2023-08-21 21:49:17
T27551600,U36PYZ7,I69735,Clothing,490.29,3,2023-07-15 00:23:53
T00041484,USC6YDU,I57516,Sports,209.8,7,2023-11-01 06:39:41
T23155784,UDBJM0Y,I55747,Toys,88.77,8,2023-07-20 14:09:57
T13554561,U85HFNK,I44557,Home Appliances,458.25,3,2023-01-24 18:14:50
T69827692,U3FO8C9,I57165,Electronics,207.83,4,2023-07-10 22:32:57
T99775623,UF1TFS9,I79086,Books,366.14,9,2023-10-15 14:43:54
T63482988,UZZUHGV,I27067,Books,210.41,7,2023-05-12 00:39:59
T81544559,UTWM4GZ,I38096,Groceries,277.19,3,2023-10-07 18:24:34
T04487122,U7X47SY,I24336,Sports,262.57,10,2023-03-03 17:02:11
T85186004,UUUZF2J,I76128,Groceries,43.13,6,2023-08-28 14:22:01
T23710261,UIKW4NV,I02920,Electronics,351.92,7,2023-03-06 13:57:01
T96689785,UZ2Y52W,I57535,Clothing,262.76,6,2023-11-30 12:48:29
T44345296,UD6SHV6,I73485,Groceries,271.83,8,2023-03-10 04:03:55
T39063125,UME9FOK,I74459,Home Appliances,192.67,8,2023-06-12 23:41:51
T95581244,U3POYBA,I96382,Sports,336.88,6,2023-07-01 17:07:40
T66412790,UNKJAW6,I37187,Electronics,113.68,8,2023-05-10 06:42:42
T51425178,UWSEXGU,I03892,Sports,22.52,10,2023-04-13 22:13:25
T18426599,UQW0FCU,I09340,Home Appliances,149.04,10,2023-10-18 08:53:47
T76531543,U7C5LA5,I97289,Electronics,131.03,10,2023-11-15 23:16:32
T18480150,U8D0Y11,I88446,Sports,446.09,7,2023-02-11 13:03:28
T94611039,UDIWJXK,I68475,Electronics,404.15,7,2023-04-03 23:21:46
T38454649,UN81UG7,I89972,Books,485.83,10,2023-02-02 17:25:34
T79251754,UZT9CF2,I12223,Books,147.34,8,2023-11-18 18:51:33
T64037468,U0EK3J2,I57041,Clothing,177.14,8,2023-10-19 11:25:22
T94493089,U65RKZD,I70094,Groceries,462.3,4,2023-11-28 07:10:41
T33165282,U3Q10EP,I54443,Books,286.62,1,2023-04-16 10:08:13
T26778225,U94QX8Z,I23551,Books,161.81,8,2023-08-30 11:44:50
T26142828,UJPP82R,I71245,Electronics,53.64,6,2023-07-20 05:07:16
T64418167,UGH9VE9,I70265,Groceries,106.26,2,2023-01-19 00:11:01
T19600998,UTA3XRM,I67853,Electronics,117.99,8,2023-10-29 12:18:26
T14964202,U22XEPM,I40829,Groceries,318.07,7,2023-06-07 18:55:08
T44858793,UW69X2K,I63165,Electronics,95.42,6,2023-03-09 22:24:36
T54305119,UT039SY,I57861,Sports,308.05,7,2023-03-23 09:25:58
T35781076,UP7SRSE,I97912,Sports,221.95,10,2023-06-17 14:13:42
T28112827,UOGH3ZZ,I31628,Toys,491.31,5,2023-09-15 14:44:15
